{
  "name": "intl-messageformat",
  "main": "index.js",
  "version": "1.1.0",
  "homepage": "https://github.com/brettz9/intl-messageformat",
  "authors": [
    "Eric Ferraiuolo <eferraiuolo@gmail.com>",
    "Drew Folta <drew@folta.net>",
    "Caridy Patino <caridy@gmail.com>",
    "Anthony Pipkin <a.pipkin@yahoo.com>",
    "Brett Zamir <brettz9@yahoo.com>"
  ],
  "description": "Formats ICU Message strings with number, date, plural, and select placeholders to create localized messages.",
  "moduleType": [
    "es6",
    "globals",
    "node"
  ],
  "keywords": [
    "i18n",
    "intl",
    "internationalization",
    "localization",
    "globalization",
    "messageformat",
    "parser",
    "plural",
    "icu"
  ],
  "ignore": [
    "tests"
  ],
  "license": "MIT",
  "_release": "1.1.0",
  "_resolution": {
    "type": "version",
    "tag": "v1.1.0",
    "commit": "8ae16db13fcd850ecb6dd30086550d77fdda356f"
  },
  "_source": "https://github.com/brettz9/intl-messageformat.git",
  "_target": "^1.1.0",
  "_originalSource": "intl-messageformat"
}