{
  "name": "pako",
  "main": "dist/pako.js",
  "homepage": "https://github.com/nodeca/pako",
  "authors": [
    "Andrei Tuputcyn <Andrew.Tupitsin@gmail.com>",
    "Vitaly Puzrin <vitaly@rcdesign.ru>"
  ],
  "description": "deflate / inflate / gzip for browser - very fast zlib port",
  "keywords": [
    "zlib",
    "deflate",
    "inflate",
    "gzip"
  ],
  "license": "MIT",
  "ignore": [
    "**/.*",
    "node_modules",
    "bower_components",
    "examples",
    "test",
    "Makefile",
    "index*",
    "lib",
    "benchmark",
    "coverage"
  ],
  "version": "1.0.6",
  "_release": "1.0.6",
  "_resolution": {
    "type": "version",
    "tag": "1.0.6",
    "commit": "893381abcafa10fa2081ce60dae7d4d8e873a658"
  },
  "_source": "https://github.com/nodeca/pako.git",
  "_target": "^1.0.6",
  "_originalSource": "pako"
}